{
  "epochs": [
    {
      "amp_loss_scale": 32.0,
      "amp_overflow_batch_count": 2,
      "best_ema_epsilon_loss": 1.1502268090844154,
      "best_ema_epsilon_loss_epoch": 1,
      "best_ema_total_loss": 24947.96631007269,
      "best_ema_total_loss_epoch": 1,
      "best_raw_epsilon_loss": 1.1519390591420233,
      "best_raw_epsilon_loss_epoch": 1,
      "best_raw_total_loss": 24998.621804195456,
      "best_raw_total_loss_epoch": 1,
      "cumulative_wall_time_s": 4.128015226975549,
      "early_stopping_counter": 0,
      "epoch": 1,
      "epoch_wall_time_s": 4.128015226975549,
      "global_step": 2,
      "gradient_norm": 30843.66015625,
      "learning_rate": 0.0001,
      "optimization_raw_acceleration_loss": 66684.78194792863,
      "optimization_raw_boundary_loss": 8044.006058159344,
      "optimization_raw_epsilon_loss": 1.124427372822538,
      "optimization_raw_execution_prefix_residual_rmse_rad": 0.10618551194379831,
      "optimization_raw_full_window_residual_rmse_rad": 0.10693085571348798,
      "optimization_raw_jerk_loss": 124746.67017172696,
      "optimization_raw_physical_residual_rmse_rad": 0.10693085571348798,
      "optimization_raw_total_loss": 14720.210032774135,
      "optimization_raw_velocity_loss": 15378.394344931508,
      "optimization_raw_x0_loss": 959.8136597046441,
      "optimizer_step_count": 2,
      "sampled_scale_0_125_count": 45,
      "sampled_scale_0_25_count": 38,
      "sampled_scale_0_5_count": 56,
      "sampled_scale_0_75_count": 60,
      "sampled_scale_1_count": 57,
      "sampled_scale_counts": "{\"0.125\": 45, \"0.25\": 38, \"0.5\": 56, \"0.75\": 60, \"1\": 57}",
      "train_ema_acceleration_loss": 135106.51852250763,
      "train_ema_boundary_loss": 14639.325259695834,
      "train_ema_epsilon_loss": 1.0952193303965032,
      "train_ema_execution_prefix_residual_rmse_rad": 0.15002183530812532,
      "train_ema_full_window_residual_rmse_rad": 0.15130047874829194,
      "train_ema_jerk_loss": 255016.94197451053,
      "train_ema_physical_residual_rmse_rad": 0.15130047874829194,
      "train_ema_total_loss": 29748.420373264933,
      "train_ema_velocity_loss": 30824.46043593476,
      "train_ema_x0_loss": 1922.679592317955,
      "train_raw_acceleration_loss": 131731.9751588234,
      "train_raw_boundary_loss": 14370.258078117833,
      "train_raw_epsilon_loss": 1.0906067602336407,
      "train_raw_execution_prefix_residual_rmse_rad": 0.1495054787746435,
      "train_raw_full_window_residual_rmse_rad": 0.1508700100242805,
      "train_raw_jerk_loss": 247946.10411630187,
      "train_raw_physical_residual_rmse_rad": 0.1508700100242805,
      "train_raw_total_loss": 28998.6755937899,
      "train_raw_velocity_loss": 30255.893521652964,
      "train_raw_x0_loss": 1909.0452894129414,
      "training_batch_count": 4,
      "validation_ema_acceleration_loss": 113530.88340472982,
      "validation_ema_boundary_loss": 12609.340006590111,
      "validation_ema_epsilon_loss": 1.1502268090844154,
      "validation_ema_execution_prefix_residual_rmse_rad": 0.13887082229341977,
      "validation_ema_full_window_residual_rmse_rad": 0.13974827209053495,
      "validation_ema_jerk_loss": 211868.8508318202,
      "validation_ema_physical_residual_rmse_rad": 0.13974827209053495,
      "validation_ema_total_loss": 24947.96631007269,
      "validation_ema_velocity_loss": 26389.29249183334,
      "validation_ema_x0_loss": 1679.5440045380215,
      "validation_raw_acceleration_loss": 113618.98576480203,
      "validation_raw_boundary_loss": 12528.925622811077,
      "validation_raw_epsilon_loss": 1.1519390591420233,
      "validation_raw_execution_prefix_residual_rmse_rad": 0.13845905990071397,
      "validation_raw_full_window_residual_rmse_rad": 0.1397219829762866,
      "validation_raw_jerk_loss": 212937.43404505937,
      "validation_raw_physical_residual_rmse_rad": 0.1397219829762866,
      "validation_raw_total_loss": 24998.621804195456,
      "validation_raw_velocity_loss": 26324.497297002774,
      "validation_raw_x0_loss": 1678.3269337286033
    },
    {
      "amp_loss_scale": 8.0,
      "amp_overflow_batch_count": 2,
      "best_ema_epsilon_loss": 1.1502268090844154,
      "best_ema_epsilon_loss_epoch": 1,
      "best_ema_total_loss": 24946.825441989116,
      "best_ema_total_loss_epoch": 2,
      "best_raw_epsilon_loss": 1.1499515450559556,
      "best_raw_epsilon_loss_epoch": 2,
      "best_raw_total_loss": 24170.646443697624,
      "best_raw_total_loss_epoch": 2,
      "cumulative_wall_time_s": 5.87549136398593,
      "early_stopping_counter": 0,
      "epoch": 2,
      "epoch_wall_time_s": 1.7474761370103806,
      "global_step": 4,
      "gradient_norm": 57838.580078125,
      "learning_rate": 0.0001,
      "optimization_raw_acceleration_loss": 125103.52059442196,
      "optimization_raw_boundary_loss": 16480.77043168364,
      "optimization_raw_epsilon_loss": 1.0971626837272197,
      "optimization_raw_execution_prefix_residual_rmse_rad": 0.15207939569483178,
      "optimization_raw_full_window_residual_rmse_rad": 0.14695049211082875,
      "optimization_raw_jerk_loss": 234369.43112930146,
      "optimization_raw_physical_residual_rmse_rad": 0.14695049211082875,
      "optimization_raw_total_loss": 27787.987424522173,
      "optimization_raw_velocity_loss": 28866.85857488066,
      "optimization_raw_x0_loss": 1866.5846088411138,
      "optimizer_step_count": 2,
      "sampled_scale_0_125_count": 35,
      "sampled_scale_0_25_count": 40,
      "sampled_scale_0_5_count": 52,
      "sampled_scale_0_75_count": 59,
      "sampled_scale_1_count": 70,
      "sampled_scale_counts": "{\"0.125\": 35, \"0.25\": 40, \"0.5\": 52, \"0.75\": 59, \"1\": 70}",
      "train_ema_acceleration_loss": 135088.96098769028,
      "train_ema_boundary_loss": 14637.179549196095,
      "train_ema_epsilon_loss": 1.0951829419936985,
      "train_ema_execution_prefix_residual_rmse_rad": 0.15001648186641442,
      "train_ema_full_window_residual_rmse_rad": 0.15129693626574048,
      "train_ema_jerk_loss": 254980.63775316748,
      "train_ema_physical_residual_rmse_rad": 0.15129693626574048,
      "train_ema_total_loss": 29744.451937107835,
      "train_ema_velocity_loss": 30821.28916096757,
      "train_ema_x0_loss": 1922.5833410914786,
      "train_raw_acceleration_loss": 127168.96374625718,
      "train_raw_boundary_loss": 14171.348181742967,
      "train_raw_epsilon_loss": 1.0832352531142533,
      "train_raw_execution_prefix_residual_rmse_rad": 0.14976769013859423,
      "train_raw_full_window_residual_rmse_rad": 0.15052539358797132,
      "train_raw_jerk_loss": 238304.11847435482,
      "train_raw_physical_residual_rmse_rad": 0.15052539358797132,
      "train_raw_total_loss": 27997.850990642793,
      "train_raw_velocity_loss": 29467.17741874052,
      "train_raw_x0_loss": 1896.6849041436017,
      "training_batch_count": 4,
      "validation_ema_acceleration_loss": 113525.05760298455,
      "validation_ema_boundary_loss": 12610.029623284845,
      "validation_ema_epsilon_loss": 1.1502272854559124,
      "validation_ema_execution_prefix_residual_rmse_rad": 0.1388718183072214,
      "validation_ema_full_window_residual_rmse_rad": 0.1397496837683262,
      "validation_ema_jerk_loss": 211857.02261750598,
      "validation_ema_physical_residual_rmse_rad": 0.1397496837683262,
      "validation_ema_total_loss": 24946.825441989116,
      "validation_ema_velocity_loss": 26388.533501460668,
      "validation_ema_x0_loss": 1679.5533574413953,
      "validation_raw_acceleration_loss": 109862.45859155884,
      "validation_raw_boundary_loss": 12420.285419224198,
      "validation_raw_epsilon_loss": 1.1499515450559556,
      "validation_raw_execution_prefix_residual_rmse_rad": 0.13813116585050442,
      "validation_raw_full_window_residual_rmse_rad": 0.13962045859001054,
      "validation_raw_jerk_loss": 204726.39145901508,
      "validation_raw_physical_residual_rmse_rad": 0.13962045859001054,